<?xml version="1.0" encoding="UTF-8"?>
<beans xmlns = "http://www.springframework.org/schema/beans"
   xmlns:xsi = "http://www.w3.org/2001/XMLSchema-instance"
   xmlns:context = "http://www.springframework.org/schema/context"
   xsi:schemaLocation = "http://www.springframework.org/schema/beans
   http://www.springframework.org/schema/beans/spring-beans.xsd
   http://www.springframework.org/schema/context
   http://www.springframework.org/schema/context/spring-context.xsd">

   <context:annotation-config/>

   
   <bean id="emp" class= "com.mycom.springcore.autowired.annotation.bean.Employee">
   	<property name="eid" value="5236" />
   	<property name="ename" value="Kumar" />
	</bean>
   
   <bean id="dept" class= "com.mycom.springcore.autowired.annotation.bean.Department">  	
   	<property name="deptName" value="Operations" />
   </bean>
	
</beans>